title,author_name,first_publish_year,language,edition_count
Cloud Atlas,['David Mitchell'],2004,"['und', 'rus', 'fre', 'eng', 'ger']",41
Death in the Clouds,['Agatha Christie'],1935,"['jpn', 'eng', 'fre', 'ita', 'chi', 'ind', 'ger', 'spa']",107
Storm cloud marriage,['Roberta Leigh'],1987,['eng'],4
"Amulet, Book Three","['Kazu Kibuishi', 'Ediciones Lariviere']",2008,"['eng', 'spa']",16
Clouds of Witness,['Dorothy L. Sayers'],1926,"['rus', 'eng', 'ger', 'swe']",80
Cloud Cuckoo Land,['Anthony Doerr'],2021,"['eng', 'spa', 'ger']",20
Clouded rapture,['Margaret Pargeter'],1983,['eng'],1
Shapes in the Sky,"['Josepha Sherman', 'Omarr Wesley']",2003,['eng'],8
The Black Cloud,['Fred Hoyle'],1957,"['gre', 'und', 'eng']",36
The Purple Cloud,"['M. P. Shiel', 'J. J. Cameron', 'Brian Stableford']",1901,['eng'],56
Little Cloud,['Eric Carle'],1996,"['fre', 'eng', 'ger']",15
The Cloud Roads,"['Martha Wells', 'Chris Kipiniak']",2011,['eng'],4
Cloud nine,['Caryl Churchill'],1979,['eng'],9
Integrity,['Henry Cloud'],2006,['eng'],5
Fa Maru a Pula a Kokoana Setswana,['Bessie Head'],1968,"['und', 'eng']",21
When the clouds part,['Anne Hampson'],1973,['eng'],3
Boundaries,"['Henry Cloud', 'John Sims Townsend']",1992,['eng'],14
Cloud 9,['Caryl Churchill'],1983,['eng'],9
Clouds,['Aristophanes'],1715,"['mul', 'eng', 'lat', 'gre', 'grc', 'ita', 'ger', 'spa']",99
Pearl the Cloud Fairy,['Daisy Meadows'],2004,"['ger', 'spa', 'eng']",11
Segreto delle Fate delle Nuvole,['Elisabetta Dami'],2000,"['eng', 'ita']",6
Rainbow six,['Tom Clancy'],1998,"['chi', 'fre', 'eng']",25
Head in the clouds,['Karen Witemeyer'],2010,['eng'],3
The cloud with the silver lining,['C. Everard Palmer'],1966,"['und', 'eng']",9
Changes That Heal,['Henry Cloud'],1992,['eng'],6
Cloud of Sparrows,['Takashi Matsuoka'],2002,['eng'],14
The Edge of the Cloud,['K. M. Peyton'],1969,"['eng', 'und']",18
Storm Clouds Gathering,['Edwina Shore'],1988,"['und', 'eng']",2
Boundaries,"['Henry Cloud', 'John Sims Townsend', 'Henry O. Arnold']",1992,['eng'],15
Walking the clouds,['Grace L. Dillon'],2012,['eng'],1
Cloud 9,['Caryl Churchill'],1983,['eng'],2
Behind the Cloud,['Emilie Baker Loring'],1940,['eng'],9
L'Île mystérieuse,['Jules Verne'],1870,"['eng', 'lit', 'por', 'und', 'guj', 'fre', 'dan']",83
Cloud Nine,['Luanne Rice'],1999,['eng'],8
Death Cloud,['Andrew Lane'],2001,['eng'],7
The Cloud Book,['Tomie dePaola'],1975,"['spa', 'eng']",17
Old Path White Clouds,['Thích Nhất Hạnh'],1990,"['ita', 'eng']",6
Barbara Cartland,"['Henry Cloud', 'H. Cloud']",1979,['eng'],8
The Calf of the November Cloud,['Hilary Ruben'],1977,['eng'],3
Cloud computing,"['Rajkumar Buyya', 'James Broberg']",2010,['eng'],6
Cloud over Paradise,['Abra Taylor'],1981,,1
Wayside School Beneath the Cloud of Doom (Wayside School #4),['Louis Sachar'],2020,['eng'],14
Bird Cloud,['Annie Proulx'],2007,['eng'],13
Clouds,['Anne F. Rockwell'],2008,['eng'],4
Les merveilleux nuages,['Françoise Sagan'],1960,"['eng', 'fre', 'gre', 'vie', 'ger', 'und']",37
The cloud of unknowing,,1943,['eng'],1
Cloud busting,['Malorie Blackman'],2004,['eng'],6
Cloud Computing,['Nobert Young'],2019,['eng'],1
Necessary Endings,['Henry Cloud'],2011,,1
Ketchup clouds,['Annabel Pitcher'],2013,['eng'],2
Cloud Computing,"['Sunilkumar Manvi', 'Gopal Shyam']",2021,['eng'],6
The Cloud of Unknowing,['Evelyn Underhill'],1922,['eng'],28
Just Beyond the Clouds,['Karen Kingsbury'],2007,"['eng', 'dut']",5
How to Get a Date Worth Keeping,['Henry Cloud'],2005,['eng'],4
"Cloud-hidden, whereabouts unknown",['Alan Watts'],1973,['eng'],5
Star Wars - Young Jedi Knights - Trouble on Cloud City,['Kevin J. Anderson'],1998,['eng'],2
Lake in the Clouds,['Sara Donati'],2002,['eng'],4
Clouded Paradise,['Rachel Ford'],1987,['eng'],2
World Above the Clouds,['Ann Whitehead Nagda'],2000,['eng'],5
King of the Cloud Forests,['Michael Morpurgo'],1987,"['eng', 'fre']",16
Meghadūta,['Kālidāsa'],1813,"['guj', 'mar', 'mon', 'inc', 'eng', 'ben', 'raj', 'san', 'lat', 'ori', 'kan', 'tel', 'ger', 'nep', 'mai', 'ita', 'pan', 'hin', 'bho', 'fre']",114
A Cloud of Suspicion,['Patricia Davids'],2009,['eng'],4
Cloud computing,['Anthony T. Velte'],2010,['eng'],5
Cloud Computing,['Dan C. Marinescu'],2013,['eng'],5
Love in the Clouds,['Barbara Cartland'],1979,"['eng', 'fre']",6
Cloud physics and cloud seeding,['Louis J. Battan'],1962,"['eng', 'und']",9
AWS Certified Cloud Practitioner Study Guide,"['Ben Piper', 'David Clinton']",2019,['eng'],7
Cloud Computing,['R. Chopra'],2017,['eng'],1
Cloud Computing,['Mr. Ray J Rafaels'],2015,,1
What to Do When You Don't Know What to Do,['Henry Cloud'],2003,['eng'],6
Boundaries in dating,"['Henry Cloud', 'John Sims Townsend', 'Jonathan Petersen']",2000,"['spa', 'eng']",15
This small cloud,['Harry Daley'],1986,['eng'],2
Cloud Computing,"['Thomas Erl', 'Ricardo Puttini', 'Zaigham Mahmood']",2013,['eng'],4
Cloud FinOps,"['J. R. Storment', 'Mike Fuller']",2020,['eng'],2
Criss cross,['Lynne Rae Perkins'],2005,['eng'],6
Cloud computing,['Thomas Erl'],2013,['eng'],1
Cloud weavers,"['Rena Krasno', 'Yeng Fong Chiang']",2002,['eng'],2
Cloud over Calderwood,['Kathleen A. Shoesmith'],1969,['eng'],1
Love in the Clouds / Imperial Splendour,['Barbara Cartland'],1979,['eng'],5
Explain the Cloud Like I'm 10,['Todd Hoff'],2017,['eng'],2
Cloud Dance,['Thomas Locker'],2000,['eng'],4
Clouded waters,['Sue Peters'],1976,['eng'],2
Cloud of Unknowing,['Ira Progoff'],1963,['eng'],4
Cloud Tea Monkeys,"['Mal Peet', 'Elspeth Graham']",1999,['eng'],4
Cloud nine,['James M. Cain'],1984,['eng'],10
Wolkenschloss,['Kerstin Gier'],2017,"['fre', 'spa', 'pol', 'eng']",12
The one-life solution,['Henry Cloud'],2008,['eng'],5
All sail set,['Armstrong Sperry'],1935,['eng'],12
Boundaries with Kids,['Henry Cloud'],1998,['eng'],6
Above the clouds,['Anatoli Boukreev'],2001,['eng'],4
"The cloud of unknowing, and other treatises",,1936,['eng'],1
Cloud Island,['Rosie Banks'],2012,['eng'],2
Flambards,['K. M. Peyton'],1967,"['und', 'eng']",29
Fire cloud,['Cassie Edwards'],2001,['eng'],2
Cloud's rider,['C. J. Cherryh'],1996,['eng'],4
Cloud computing,"['Nick Antonopoulos', 'Lee Gillam']",2010,['eng'],5
"Cloud Holders (Harlequin Romance, No 3133)",['Bethany Campbell'],1991,['eng'],1
Boundaries in Marriage,"['Henry Cloud', 'John Sims Townsend', 'Dick Fredricks']",1999,"['eng', 'chi']",12
The cloud searchers,,,,0
Cloud Computing Security,['John R. Vacca'],2016,['eng'],11
Floating clouds,"['Hayashi, Fumiko']",1965,['eng'],4
Storm clouds,['Cheryl Wolverton'],2005,['eng'],3
The Mom Factor,"['Henry Cloud', 'John Townsend', 'John Sims Townsend']",1996,"['eng', 'spa']",8
The Cloud of Unknowing,['James Walsh'],1981,['eng'],2
The Cloudspotter's Guide,['Gavin Pretor-Pinney'],2006,['eng'],6
Up In the Clouds,['Robert Michael Ballantyne'],1863,['eng'],29
"Silver clouds, golden dreams",['Theresa Conway'],1985,,1
Clouded vision,['Linwood Barclay'],2011,['eng'],7
Four Texts on Socrates,['Πλάτων'],1984,"['gre', 'eng']",5
Rescue Your Love Life,"['Henry Cloud', 'John Sims Townsend']",2005,['eng'],8
Safe People,"['Henry Cloud', 'John Sims Townsend', 'John Townsend']",1995,"['eng', 'spa']",9
War Cloud's Passion (Legendary Warriors),['Karen Kay'],2001,['eng'],2
Cloud & ashes,"['Greer Ilene Gilman', 'Greer Gilman']",2009,['eng'],2
Clouded rapture,['Margaret Pargeter'],1983,['eng'],3
The Leaf and the Cloud,['Mary Oliver'],2000,['eng'],2
Never go back,['Henry Cloud'],2014,['eng'],1
How people grow,['Henry Cloud'],2004,['eng'],1
Cloud Architecture Patterns,['Bill Wilder'],2012,['eng'],3
Cloud enterprise architecture,['Pethuru Raj'],2012,['eng'],5
The cloud atlas,['Liam Callanan'],2004,['eng'],5
God will make a way,"['Henry Cloud', 'John Sims Townsend']",2002,['eng'],6
Up on cloud nine,['Anne Fine'],2002,['eng'],4
The Man Who Named the Clouds,"['Joan Holub', 'Julie Hannah', 'Julie Hanna']",2006,['eng'],8
Just under the clouds,['Melissa Sarno'],2018,['eng'],5
Official Google Cloud Certified Associate Cloud Engineer Study Guide,['Dan Sullivan'],2019,['eng'],3
Cloud computing,['John W. Rittinghouse'],2009,['eng'],8
Book of clouds,['Chloe Aridjis'],2009,['eng'],5
Ichimoku Charts,['Nicole Elliott'],2007,['eng'],3
Boundaries - Costco Only,['Henry Cloud'],2008,,1
How to have that difficult conversation you've been avoiding,['Henry Cloud'],2006,['eng'],3
Cloud Computing,['Sandeep Bhowmik'],2017,['eng'],3
Blow away the black clouds,['Florence Littauer'],1986,['eng'],1
The Cloud Forest,['Peter Matthiessen'],1961,['eng'],8
What to do when you don't know what to do,['Henry Cloud'],2005,['eng'],4
Cloud Computing For Dummies,['Judith Hurwitz'],2010,['eng'],2
SAP Cloud Platform Integration,"['John Mutumba Bilay', 'Peter Gutsche', 'Mandy Krimmel', 'Volker Stiehl']",2019,['eng'],2
Nubosidad variable,['Carmen Martín Gaite'],1992,"['fre', 'eng', 'spa']",13
9 things a leader must do,['Henry Cloud'],2006,['eng'],3
The cloud walker,['Edmund Cooper'],1973,"['dut', 'eng']",8
Boundaries with kids,"['Henry Cloud', 'John Sims Townsend', 'Henry O. Arnold']",1998,['eng'],16
Way of Life Advanced Bible Studies Series,['DAVID CLOUD'],2006,,13
AWS Certified Cloud Practitioner Exam Guide,['Rajesh Daswani'],2021,['eng'],3
When your world makes no sense,['Henry Cloud'],1990,['eng'],1
Systems Performance,['Brendan Gregg'],2013,,2
Boundaries workbook,"['Henry Cloud', 'John Sims Townsend']",1995,['eng'],4
Visualizing Google Cloud,['Priyanka Vergadia'],2022,['eng'],2
Grid and Cloud Computing,['Krishna Sankar P'],2016,,1
"Dark Clouds, Deep Mercy",['Mark Vroegop'],2019,['eng'],4
False Assumptions,['Henry Cloud'],1994,['eng'],2
"Red berries, white clouds, blue sky",['Sandra Dallas'],2014,['eng'],1
Clouds,['Aristophanes'],2009,['eng'],17
Love in a Cloud,"['Lucy Walker', 'Lucy Walker']",1960,['eng'],5
30 days to your dreams,['Henry Cloud'],2007,['eng'],2
Enterprise cloud computing,['Gautam Shroff'],2009,['eng'],7
Cloud computing,['Kris A. Jamsa'],2012,['eng'],1
Boundaries in Dating,['Henry Cloud'],2009,['eng'],5
Clouds,['Robin Jones Gunn'],1997,['eng'],3
The Magellanic clouds,['Diane Wakoski'],1970,['eng'],6
The uncommon appeal of clouds,['Alexander McCall Smith'],2012,['eng'],7
Death in The Clouds (The Agatha Christie Mystery Collection),,2000,['eng'],1
A Scots quair,['James Leslie Mitchell'],1946,['eng'],26
Aws Cloud Practitioner Exam,['Mircea-Cristian Gordan'],2022,['eng'],1
Purple Cloud,['Matthew Phipps Shiel'],2016,['eng'],18
Cloud Computing Black Book,['WILEY INDIA'],2014,,1
SAP Analytics Cloud,['Abassin Sidiq'],2020,['eng'],3
Cloud Security,"['Ronald L. Krutz', 'Russell Dean Vines']",2010,['eng'],5
The cloud spinner,['Michael Catchpool'],2012,['eng'],1
The cloud forest,['Joan North'],1965,"['und', 'eng']",3
Romance Treasury,"['Elizabeth Ashton', 'Isobel Chace', 'Mary Moore']",1986,['eng'],1
Changes That Heal,['Henry Cloud'],1997,['eng'],2
9 Things You Simply Must Do to Succeed in Love and Life,['Henry Cloud'],2005,['eng'],3
Dropped from the clouds,['Jules Verne'],1909,"['eng', 'und']",12
Cloud Computing,"['Bahga, Arshdeep, Madisetti, Vijay']",2013,,2
Google Cloud Certified Professional Cloud Architect Study Guide,['Dan Sullivan'],2022,['eng'],3
The death and life of Charlie St. Cloud,['Ben Sherwood'],2004,['eng'],7
Clouds of terror,['Catherine A. Welch'],1994,['eng'],2
Beading with cabochons,['Jamie Cloud Eakin'],2005,['eng'],2
Google Cloud Certified Associate Cloud Engineer,['Dan Sullivan'],2019,,1
Cloud cuckoo land,"['Naomi Mitchison', 'Isobel Murray']",1925,['eng'],7
"Cloud Howe, [by] Lewis Grassic Gibbon","['James Leslie Mitchell', 'Lewis Grassic Gibbon']",1933,['eng'],7
Sunset cloud,['Anne Hampson'],1976,['eng'],3
CHANGES THAT HEAL,['Henry Cloud'],2018,,1
Cloud Security,['Brij B. Gupta'],2021,['eng'],4
The cloud of unknowing,['HarperCollins Spiritual Classics'],2004,['eng'],1
A cloud in the honeymoon,['John Palgrave Simpson'],1884,['eng'],1
Cloud and silver,['E. V. Lucas'],1916,['eng'],9
Dory Fantasmagory,['Abby Hanlon'],2014,['eng'],16
Cloud and Wallfish,['Anne Nesbet'],2016,['eng'],5
Microservices with Spring Boot and Spring Cloud,['Magnus Larsson'],2021,['eng'],2
The Nine Cloud Dream,['Kim Man-jung'],2019,,3
The Seven Lamps of Architecture,['John Ruskin'],1800,"['eng', 'fre']",76
Architecting the Cloud,['Michael J. Kavis'],2014,['eng'],5
Storm clouds,['Lauraine Snelling'],1997,['eng'],1
Catalog of meteorological satellite data.,,1968,['eng'],1
"Cloud Native Java: Designing Resilient Systems with Spring Boot, Spring Cloud, and Cloud Foundry","['Josh Long', 'Kenny Bastani']",2017,,1
Little Cloud,"[""Booth, Anne (Children's fiction writer)"", 'Sarah Massini']",2019,"['wel', 'eng']",2
A Walk in the clouds,['Deborah Chiel'],,,1
Cloud Computing Architected,"['John Rhoton', 'Risto Haukioja']",2011,['eng'],1
Power Play,['Danielle Steel'],2014,"['rus', 'pol', 'eng']",10
Clouds,['Gail Saunders-Smith'],1998,"['spa', 'eng']",7
